﻿<?xml version="1.0" encoding="utf-8" ?>
<InjuryDefs>

	<InjuryDef>
		<defName>ExtendedInjuriesPoisoned</defName>
		<label>Poisoned</label>
		<painPerDamage>0</painPerDamage>
		<oldPainPerDamage>1</oldPainPerDamage>
		<oldLabel>Trauma</oldLabel>
		<naturallyHealed>true</naturallyHealed>
		<bleeding>0</bleeding>
		<becomeOldChance>.3</becomeOldChance>
		<combine>true</combine>
		<destroyedLabel>Destroyed</destroyedLabel>
		<innerTreatedWellLabel>detoxified</innerTreatedWellLabel>
		<innerTreatedLabel>poorly detoxified</innerTreatedLabel>
	</InjuryDef>
	<InjuryDef>
		<defName>ExtendedInjuriesElectrocuted</defName>
		<label>Electrocuted</label>
		<painPerDamage>2</painPerDamage>
		<oldPainPerDamage>.2</oldPainPerDamage>
		<oldLabel>electrocution trauma</oldLabel>
		<naturallyHealed>true</naturallyHealed>
		<bleeding>0</bleeding>
		<becomeOldChance>.3</becomeOldChance>
		<combine>true</combine>
		<destroyedLabel>Fried</destroyedLabel>
		<innerTreatedWellLabel>treated</innerTreatedWellLabel>
		<innerTreatedLabel>poorly treated</innerTreatedLabel>
	</InjuryDef>
		<InjuryDef>
		<defName>ExtendedInjuriesInfection</defName>
		<label>Infection</label>
		<painPerDamage>1</painPerDamage>
		<oldPainPerDamage>.1</oldPainPerDamage>
		<oldLabel>infection scaring</oldLabel>
		<naturallyHealed>false</naturallyHealed>
		<bleeding>0</bleeding>
		<becomeOldChance>.4</becomeOldChance>
		<combine>false</combine>
		<destroyedLabel>necrotic</destroyedLabel>
		<innerTreatedWellLabel>medicated</innerTreatedWellLabel>
		<innerTreatedLabel>cured</innerTreatedLabel>
	</InjuryDef>

</InjuryDefs>